省份,城市,更新日期,现有确诊,累计确诊,累计治愈,累计死亡,今日新增确诊,今日新增治愈
北京,丰台,2020-06-21 11:12:36,154,197,43,0,10,0
北京,大兴,2020-06-21 11:12:36,44,83,39,0,8,0
北京,海淀,2020-06-21 11:12:36,11,75,64,0,3,0
北京,东城,2020-06-21 11:12:36,5,19,14,0,0,0
北京,西城,2020-06-21 11:12:36,4,57,53,0,0,0
北京,房山,2020-06-21 11:12:36,4,20,16,0,0,0
北京,门头沟,2020-06-21 11:12:36,2,5,3,0,0,0
北京,石景山,2020-06-21 11:12:36,1,15,14,0,0,0
北京,境外输入,2020-06-21 11:12:36,1,174,173,0,0,0
北京,朝阳,2020-06-21 11:12:36,1,76,75,0,0,0
北京,通州,2020-06-21 11:12:36,1,20,10,9,1,0
北京,地区待确认,2020-06-21 11:12:36,0,1,1,0,0,0
北京,外地来京,2020-06-21 11:12:36,0,25,25,0,0,0
北京,昌平,2020-06-21 11:12:36,0,29,29,0,0,0
北京,密云,2020-06-21 11:12:36,0,7,7,0,0,0
北京,顺义,2020-06-21 11:12:36,0,10,10,0,0,0
北京,怀柔,2020-06-21 11:12:36,0,7,7,0,0,0
北京,延庆,2020-06-21 11:12:36,0,1,1,0,0,0
香港,地区待确认,2020-06-21 11:12:36,46,1128,1077,5,1,0
上海,境外输入,2020-06-21 11:12:36,23,357,334,0,0,0
上海,青浦,2020-06-21 11:12:36,0,6,6,0,0,0
上海,地区待确认,2020-06-21 11:12:36,0,0,0,0,0,0
上海,宝山,2020-06-21 11:12:36,0,22,21,1,0,0
上海,嘉定,2020-06-21 11:12:36,0,9,7,2,0,0
上海,徐汇,2020-06-21 11:12:36,0,18,17,1,0,0
上海,静安,2020-06-21 11:12:36,0,16,15,1,0,0
上海,黄浦,2020-06-21 11:12:36,0,6,5,1,0,0
上海,浦东,2020-06-21 11:12:36,0,61,61,0,0,0
上海,外地来沪,2020-06-21 11:12:36,0,113,112,1,0,0
上海,崇明,2020-06-21 11:12:36,0,4,4,0,0,0
上海,金山,2020-06-21 11:12:36,0,4,4,0,0,0
上海,虹口,2020-06-21 11:12:36,0,7,7,0,0,0
上海,奉贤,2020-06-21 11:12:36,0,9,9,0,0,0
上海,杨浦,2020-06-21 11:12:36,0,9,9,0,0,0
上海,普陀,2020-06-21 11:12:36,0,11,11,0,0,0
上海,长宁,2020-06-21 11:12:36,0,13,13,0,0,0
上海,松江,2020-06-21 11:12:36,0,14,14,0,0,0
上海,闵行,2020-06-21 11:12:36,0,19,19,0,0,0
四川,境外输入,2020-06-21 11:12:36,15,48,33,0,0,0
四川,雅安,2020-06-21 11:12:36,1,8,7,0,0,0
四川,遂宁,2020-06-21 11:12:36,0,17,17,0,0,0
四川,乐山,2020-06-21 11:12:36,0,3,3,0,0,0
四川,甘孜,2020-06-21 11:12:36,0,78,78,0,0,0
四川,自贡,2020-06-21 11:12:36,0,9,9,0,0,0
四川,攀枝花,2020-06-21 11:12:36,0,16,16,0,0,0
四川,泸州,2020-06-21 11:12:36,0,24,24,0,0,0
四川,德阳,2020-06-21 11:12:36,0,18,18,0,0,0
四川,绵阳,2020-06-21 11:12:36,0,22,22,0,0,0
四川,广元,2020-06-21 11:12:36,0,6,6,0,0,0
四川,成都,2020-06-21 11:12:36,0,145,142,3,0,0
四川,凉山,2020-06-21 11:12:36,0,13,13,0,0,0
四川,内江,2020-06-21 11:12:36,0,22,22,0,0,0
四川,阿坝,2020-06-21 11:12:36,0,1,1,0,0,0
四川,资阳,2020-06-21 11:12:36,0,4,4,0,0,0
四川,眉山,2020-06-21 11:12:36,0,8,8,0,0,0
四川,巴中,2020-06-21 11:12:36,0,24,24,0,0,0
四川,达州,2020-06-21 11:12:36,0,42,42,0,0,0
四川,广安,2020-06-21 11:12:36,0,30,30,0,0,0
四川,宜宾,2020-06-21 11:12:36,0,12,12,0,0,0
四川,南充,2020-06-21 11:12:36,0,39,39,0,0,0
河北,保定,2020-06-21 11:12:36,14,46,32,0,1,0
河北,张家口,2020-06-21 11:12:36,2,43,41,0,2,0
河北,境外输入,2020-06-21 11:12:36,0,10,10,0,0,0
河北,唐山,2020-06-21 11:12:36,0,58,57,1,0,0
河北,邯郸,2020-06-21 11:12:36,0,32,32,0,0,0
河北,石家庄,2020-06-21 11:12:36,0,29,29,0,0,0
河北,承德,2020-06-21 11:12:36,0,7,7,0,0,0
河北,衡水,2020-06-21 11:12:36,0,8,8,0,0,0
河北,秦皇岛,2020-06-21 11:12:36,0,10,9,1,0,0
河北,邢台,2020-06-21 11:12:36,0,23,22,1,0,0
河北,廊坊,2020-06-21 11:12:36,0,30,30,0,0,0
河北,沧州,2020-06-21 11:12:36,0,48,45,3,0,0
甘肃,境外输入,2020-06-21 11:12:36,12,59,47,0,0,0
甘肃,白银,2020-06-21 11:12:36,0,4,4,0,0,0
甘肃,定西,2020-06-21 11:12:36,0,9,9,0,0,0
甘肃,地区待确认,2020-06-21 11:12:36,0,0,0,0,0,0
甘肃,平凉,2020-06-21 11:12:36,0,9,9,0,0,0
甘肃,庆阳,2020-06-21 11:12:36,0,3,3,0,0,0
甘肃,兰州,2020-06-21 11:12:36,0,37,35,2,0,0
甘肃,甘南州,2020-06-21 11:12:36,0,8,8,0,0,0
甘肃,天水,2020-06-21 11:12:36,0,12,12,0,0,0
甘肃,陇南,2020-06-21 11:12:36,0,4,4,0,0,0
甘肃,临夏,2020-06-21 11:12:36,0,3,3,0,0,0
甘肃,张掖,2020-06-21 11:12:36,0,2,2,0,0,0
甘肃,金昌,2020-06-21 11:12:36,0,1,1,0,0,0
广东,境外输入,2020-06-21 11:12:36,12,239,227,0,0,0
广东,佛山,2020-06-21 11:12:36,0,89,89,0,0,0
广东,广州,2020-06-21 11:12:36,0,377,376,1,0,0
广东,中山,2020-06-21 11:12:36,0,67,67,0,0,0
广东,河源,2020-06-21 11:12:36,0,5,5,0,0,0
广东,湛江,2020-06-21 11:12:36,0,22,22,0,0,0
广东,珠海,2020-06-21 11:12:36,0,98,97,1,0,0
广东,汕头,2020-06-21 11:12:36,0,25,25,0,0,0
广东,揭阳,2020-06-21 11:12:36,0,10,10,0,0,0
广东,江门,2020-06-21 11:12:36,0,23,23,0,0,0
广东,梅州,2020-06-21 11:12:36,0,16,16,0,0,0
广东,地区待确认,2020-06-21 11:12:36,0,0,0,0,0,0
广东,惠州,2020-06-21 11:12:36,0,62,62,0,0,0
广东,肇庆,2020-06-21 11:12:36,0,19,18,1,0,0
广东,东莞,2020-06-21 11:12:36,0,99,98,1,0,0
广东,阳江,2020-06-21 11:12:36,0,14,14,0,0,0
广东,茂名,2020-06-21 11:12:36,0,14,14,0,0,0
广东,韶关,2020-06-21 11:12:36,0,10,9,1,0,0
广东,清远,2020-06-21 11:12:36,0,12,12,0,0,0
广东,汕尾,2020-06-21 11:12:36,0,5,5,0,0,0
广东,潮州,2020-06-21 11:12:36,0,5,5,0,0,0
广东,深圳,2020-06-21 11:12:36,0,423,420,3,0,0
陕西,境外输入,2020-06-21 11:12:36,7,71,64,0,2,0
陕西,韩城,2020-06-21 11:12:36,0,1,1,0,0,0
陕西,渭南,2020-06-21 11:12:36,0,15,15,0,0,0
陕西,咸阳,2020-06-21 11:12:36,0,17,17,0,0,0
陕西,西安,2020-06-21 11:12:36,0,120,117,3,0,0
陕西,汉中,2020-06-21 11:12:36,0,26,26,0,0,0
陕西,杨凌,2020-06-21 11:12:36,0,1,1,0,0,0
陕西,地区待确认,2020-06-21 11:12:36,0,0,0,0,0,0
陕西,榆林,2020-06-21 11:12:36,0,3,3,0,0,0
陕西,商洛,2020-06-21 11:12:36,0,7,7,0,0,0
陕西,铜川,2020-06-21 11:12:36,0,8,8,0,0,0
陕西,延安,2020-06-21 11:12:36,0,8,8,0,0,0
陕西,宝鸡,2020-06-21 11:12:36,0,13,13,0,0,0
陕西,安康,2020-06-21 11:12:36,0,26,26,0,0,0
台湾,地区待确认,2020-06-21 11:12:36,5,446,434,7,0,0
福建,境外输入,2020-06-21 11:12:36,5,67,62,0,1,0
福建,莆田,2020-06-21 11:12:36,0,56,56,0,0,0
福建,漳州,2020-06-21 11:12:36,0,20,20,0,0,0
福建,地区待确认,2020-06-21 11:12:36,0,0,0,0,0,0
福建,宁德,2020-06-21 11:12:36,0,26,26,0,0,0
福建,龙岩,2020-06-21 11:12:36,0,6,6,0,0,0
福建,南平,2020-06-21 11:12:36,0,20,20,0,0,0
福建,三明,2020-06-21 11:12:36,0,14,14,0,0,0
福建,泉州,2020-06-21 11:12:36,0,47,47,0,0,0
福建,厦门,2020-06-21 11:12:36,0,35,35,0,0,0
福建,福州,2020-06-21 11:12:36,0,72,71,1,0,0
辽宁,沈阳,2020-06-21 11:12:36,3,34,31,0,0,0
辽宁,境外输入,2020-06-21 11:12:36,1,22,21,0,0,0
辽宁,铁岭,2020-06-21 11:12:36,0,7,7,0,0,0
辽宁,大连,2020-06-21 11:12:36,0,18,18,0,0,0
辽宁,朝阳市,2020-06-21 11:12:36,0,6,5,1,0,0
辽宁,丹东,2020-06-21 11:12:36,0,11,11,0,0,0
辽宁,葫芦岛,2020-06-21 11:12:36,0,12,11,1,0,0
辽宁,抚顺,2020-06-21 11:12:36,0,1,1,0,0,0
辽宁,鞍山,2020-06-21 11:12:36,0,4,4,0,0,0
辽宁,锦州,2020-06-21 11:12:36,0,12,12,0,0,0
辽宁,盘锦,2020-06-21 11:12:36,0,11,11,0,0,0
辽宁,阜新,2020-06-21 11:12:36,0,8,8,0,0,0
辽宁,本溪,2020-06-21 11:12:36,0,3,3,0,0,0
辽宁,辽阳,2020-06-21 11:12:36,0,3,3,0,0,0
辽宁,营口,2020-06-21 11:12:36,0,1,1,0,0,0
天津,境外输入,2020-06-21 11:12:36,2,60,58,0,0,0
天津,北辰区,2020-06-21 11:12:36,1,7,6,0,0,0
天津,和平区,2020-06-21 11:12:36,0,6,6,0,0,0
天津,河北区,2020-06-21 11:12:36,0,12,12,0,0,0
天津,津南区,2020-06-21 11:12:36,0,2,2,0,0,0
天津,南开区,2020-06-21 11:12:36,0,6,6,0,0,0
天津,河东区,2020-06-21 11:12:36,0,15,14,1,0,0
天津,宁河区,2020-06-21 11:12:36,0,4,4,0,0,0
天津,宝坻区,2020-06-21 11:12:36,0,60,58,2,0,0
天津,外地来津,2020-06-21 11:12:36,0,6,6,0,0,0
天津,滨海新区,2020-06-21 11:12:36,0,3,3,0,0,0
天津,武清区,2020-06-21 11:12:36,0,2,2,0,0,0
天津,东丽区,2020-06-21 11:12:36,0,4,4,0,0,0
天津,河西区,2020-06-21 11:12:36,0,4,4,0,0,0
天津,西青区,2020-06-21 11:12:36,0,4,4,0,0,0
天津,红桥区,2020-06-21 11:12:36,0,2,2,0,0,0
重庆,境外输入,2020-06-21 11:12:36,3,6,3,0,0,0
重庆,涪陵区,2020-06-21 11:12:36,0,5,5,0,0,0
重庆,荣昌区,2020-06-21 11:12:36,0,9,9,0,0,0
重庆,长寿区,2020-06-21 11:12:36,0,22,22,0,0,0
重庆,大足区,2020-06-21 11:12:36,0,14,14,0,0,0
重庆,九龙坡区,2020-06-21 11:12:36,0,21,20,1,0,0
重庆,沙坪坝区,2020-06-21 11:12:36,0,9,9,0,0,0
重庆,江北区,2020-06-21 11:12:36,0,28,28,0,0,0
重庆,丰都县,2020-06-21 11:12:36,0,10,10,0,0,0
重庆,潼南区,2020-06-21 11:12:36,0,18,18,0,0,0
重庆,铜梁区,2020-06-21 11:12:36,0,10,10,0,0,0
重庆,南岸区,2020-06-21 11:12:36,0,15,15,0,0,0
重庆,两江新区,2020-06-21 11:12:36,0,17,17,0,0,0
重庆,万州区,2020-06-21 11:12:36,0,118,114,4,0,0
重庆,巴南区,2020-06-21 11:12:36,0,6,6,0,0,0
重庆,石柱县,2020-06-21 11:12:36,0,15,15,0,0,0
重庆,渝中区,2020-06-21 11:12:36,0,20,20,0,0,0
重庆,垫江县,2020-06-21 11:12:36,0,20,20,0,0,0
重庆,云阳县,2020-06-21 11:12:36,0,25,25,0,0,0
重庆,奉节县,2020-06-21 11:12:36,0,22,22,0,0,0
重庆,綦江区,2020-06-21 11:12:36,0,23,23,0,0,0
重庆,渝北区,2020-06-21 11:12:36,0,17,17,0,0,0
重庆,彭水县,2020-06-21 11:12:36,0,2,2,0,0,0
重庆,忠县,2020-06-21 11:12:36,0,21,21,0,0,0
重庆,开州区,2020-06-21 11:12:36,0,21,20,1,0,0
重庆,合川区,2020-06-21 11:12:36,0,23,23,0,0,0
重庆,大渡口区,2020-06-21 11:12:36,0,7,7,0,0,0
重庆,巫溪县,2020-06-21 11:12:36,0,14,14,0,0,0
重庆,巫山县,2020-06-21 11:12:36,0,10,10,0,0,0
重庆,万盛经开区,2020-06-21 11:12:36,0,1,1,0,0,0
重庆,璧山区,2020-06-21 11:12:36,0,9,9,0,0,0
重庆,酉阳县,2020-06-21 11:12:36,0,1,1,0,0,0
重庆,高新区,2020-06-21 11:12:36,0,4,4,0,0,0
重庆,永川区,2020-06-21 11:12:36,0,5,5,0,0,0
重庆,江津区,2020-06-21 11:12:36,0,4,4,0,0,0
重庆,武隆区,2020-06-21 11:12:36,0,1,1,0,0,0
重庆,梁平区,2020-06-21 11:12:36,0,4,4,0,0,0
重庆,城口县,2020-06-21 11:12:36,0,2,2,0,0,0
重庆,黔江区,2020-06-21 11:12:36,0,2,2,0,0,0
重庆,秀山县,2020-06-21 11:12:36,0,1,1,0,0,0
海南,境外输入,2020-06-21 11:12:36,2,2,0,0,0,0
海南,三亚,2020-06-21 11:12:36,1,55,53,1,0,0
海南,琼中县,2020-06-21 11:12:36,0,1,1,0,0,0
海南,海口,2020-06-21 11:12:36,0,39,39,0,0,0
海南,儋州,2020-06-21 11:12:36,0,15,14,1,0,0
海南,东方,2020-06-21 11:12:36,0,3,2,1,0,0
海南,万宁,2020-06-21 11:12:36,0,13,13,0,0,0
海南,澄迈县,2020-06-21 11:12:36,0,9,8,1,0,0
海南,昌江县,2020-06-21 11:12:36,0,7,7,0,0,0
海南,保亭,2020-06-21 11:12:36,0,3,3,0,0,0
海南,琼海,2020-06-21 11:12:36,0,6,5,1,0,0
海南,临高县,2020-06-21 11:12:36,0,6,6,0,0,0
海南,陵水县,2020-06-21 11:12:36,0,4,4,0,0,0
海南,乐东,2020-06-21 11:12:36,0,2,2,0,0,0
海南,文昌,2020-06-21 11:12:36,0,3,3,0,0,0
海南,定安县,2020-06-21 11:12:36,0,3,2,1,0,0
海南,地区待确认,2020-06-21 11:12:36,-1,0,1,0,0,0
内蒙古,境外输入,2020-06-21 11:12:36,2,161,159,0,0,0
内蒙古,呼伦贝尔,2020-06-21 11:12:36,0,9,9,0,0,0
内蒙古,包头,2020-06-21 11:12:36,0,11,11,0,0,0
内蒙古,呼和浩特,2020-06-21 11:12:36,0,7,7,0,0,0
内蒙古,乌兰察布,2020-06-21 11:12:36,0,3,3,0,0,0
内蒙古,锡林郭勒,2020-06-21 11:12:36,0,9,9,0,0,0
内蒙古,赤峰,2020-06-21 11:12:36,0,9,9,0,0,0
内蒙古,通辽,2020-06-21 11:12:36,0,7,7,0,0,0
内蒙古,鄂尔多斯,2020-06-21 11:12:36,0,11,11,0,0,0
内蒙古,巴彦淖尔,2020-06-21 11:12:36,0,8,7,1,0,0
内蒙古,兴安盟,2020-06-21 11:12:36,0,1,1,0,0,0
内蒙古,乌海,2020-06-21 11:12:36,0,2,2,0,0,0
浙江,台州,2020-06-21 11:12:36,1,147,146,0,0,0
浙江,金华,2020-06-21 11:12:36,0,55,55,0,0,0
浙江,省十里丰监狱,2020-06-21 11:12:36,0,36,36,0,0,0
浙江,丽水,2020-06-21 11:12:36,0,17,17,0,0,0
浙江,舟山,2020-06-21 11:12:36,0,10,10,0,0,0
浙江,衢州,2020-06-21 11:12:36,0,14,14,0,0,0
浙江,境外输入,2020-06-21 11:12:36,0,50,50,0,0,0
浙江,绍兴,2020-06-21 11:12:36,0,42,42,0,0,0
浙江,嘉兴,2020-06-21 11:12:36,0,46,46,0,0,0
浙江,湖州,2020-06-21 11:12:36,0,10,10,0,0,0
浙江,温州,2020-06-21 11:12:36,0,504,503,1,0,0
浙江,宁波,2020-06-21 11:12:36,0,157,157,0,0,0
浙江,杭州,2020-06-21 11:12:36,0,181,181,0,0,0
青海,海北州,2020-06-21 11:12:36,0,3,3,0,0,0
青海,西宁,2020-06-21 11:12:36,0,15,15,0,0,0
新疆,兵团第九师,2020-06-21 11:12:36,0,4,3,1,0,0
新疆,吐鲁番,2020-06-21 11:12:36,0,3,3,0,0,0
新疆,乌鲁木齐,2020-06-21 11:12:36,0,23,23,0,0,0
新疆,昌吉州,2020-06-21 11:12:36,0,4,4,0,0,0
新疆,第八师石河子,2020-06-21 11:12:36,0,4,3,1,0,0
新疆,兵团第四师,2020-06-21 11:12:36,0,10,9,1,0,0
新疆,伊犁州,2020-06-21 11:12:36,0,18,18,0,0,0
新疆,六师五家渠,2020-06-21 11:12:36,0,2,2,0,0,0
新疆,兵团第十二师,2020-06-21 11:12:36,0,3,3,0,0,0
新疆,巴州,2020-06-21 11:12:36,0,3,3,0,0,0
新疆,第七师,2020-06-21 11:12:36,0,1,1,0,0,0
新疆,阿克苏,2020-06-21 11:12:36,0,1,1,0,0,0
宁夏,境外输入,2020-06-21 11:12:36,0,3,3,0,0,0
宁夏,银川,2020-06-21 11:12:36,0,34,34,0,0,0
宁夏,吴忠,2020-06-21 11:12:36,0,28,28,0,0,0
宁夏,固原,2020-06-21 11:12:36,0,5,5,0,0,0
宁夏,中卫,2020-06-21 11:12:36,0,3,3,0,0,0
宁夏,石嘴山,2020-06-21 11:12:36,0,1,1,0,0,0
宁夏,宁东管委会,2020-06-21 11:12:36,0,1,1,0,0,0
山东,境外输入,2020-06-21 11:12:36,0,29,29,0,0,0
山东,青岛,2020-06-21 11:12:36,0,65,64,1,0,0
山东,济宁,2020-06-21 11:12:36,0,260,260,0,0,0
山东,济南,2020-06-21 11:12:36,0,47,47,0,0,0
山东,烟台,2020-06-21 11:12:36,0,47,47,0,0,0
山东,枣庄,2020-06-21 11:12:36,0,24,24,0,0,0
山东,淄博,2020-06-21 11:12:36,0,30,29,1,0,0
山东,潍坊,2020-06-21 11:12:36,0,44,44,0,0,0
山东,泰安,2020-06-21 11:12:36,0,35,33,2,0,0
山东,威海,2020-06-21 11:12:36,0,38,37,1,0,0
山东,日照,2020-06-21 11:12:36,0,16,16,0,0,0
山东,临沂,2020-06-21 11:12:36,0,49,49,0,0,0
山东,德州,2020-06-21 11:12:36,0,37,35,2,0,0
山东,聊城,2020-06-21 11:12:36,0,38,38,0,0,0
山东,滨州,2020-06-21 11:12:36,0,15,15,0,0,0
山东,菏泽,2020-06-21 11:12:36,0,18,18,0,0,0
山西,境外输入,2020-06-21 11:12:36,0,64,64,0,0,0
山西,太原,2020-06-21 11:12:36,0,21,21,0,0,0
山西,晋中,2020-06-21 11:12:36,0,37,37,0,0,0
山西,大同,2020-06-21 11:12:36,0,12,12,0,0,0
山西,运城,2020-06-21 11:12:36,0,19,19,0,0,0
山西,晋城,2020-06-21 11:12:36,0,10,10,0,0,0
山西,忻州,2020-06-21 11:12:36,0,7,7,0,0,0
山西,长治,2020-06-21 11:12:36,0,8,8,0,0,0
山西,朔州,2020-06-21 11:12:36,0,8,8,0,0,0
山西,临汾,2020-06-21 11:12:36,0,2,2,0,0,0
山西,阳泉,2020-06-21 11:12:36,0,4,4,0,0,0
山西,吕梁,2020-06-21 11:12:36,0,6,6,0,0,0
黑龙江,地区待确认,2020-06-21 11:12:36,0,2,2,0,0,0
黑龙江,哈尔滨,2020-06-21 11:12:36,0,264,260,4,0,0
黑龙江,境外输入,2020-06-21 11:12:36,0,386,386,0,0,0
黑龙江,牡丹江,2020-06-21 11:12:36,0,25,25,0,0,0
黑龙江,大庆,2020-06-21 11:12:36,0,27,26,1,0,0
黑龙江,齐齐哈尔,2020-06-21 11:12:36,0,43,42,1,0,0
黑龙江,大兴安岭,2020-06-21 11:12:36,0,3,3,0,0,0
黑龙江,黑河,2020-06-21 11:12:36,0,14,14,0,0,0
黑龙江,双鸭山,2020-06-21 11:12:36,0,52,49,3,0,0
黑龙江,绥化,2020-06-21 11:12:36,0,47,43,4,0,0
黑龙江,鹤岗,2020-06-21 11:12:36,0,5,5,0,0,0
黑龙江,七台河,2020-06-21 11:12:36,0,17,17,0,0,0
黑龙江,鸡西,2020-06-21 11:12:36,0,46,46,0,0,0
黑龙江,伊春,2020-06-21 11:12:36,0,1,1,0,0,0
黑龙江,佳木斯,2020-06-21 11:12:36,0,15,15,0,0,0
安徽,境外输入,2020-06-21 11:12:36,0,1,1,0,0,0
安徽,黄山,2020-06-21 11:12:36,0,9,9,0,0,0
安徽,宣城,2020-06-21 11:12:36,0,6,6,0,0,0
安徽,池州,2020-06-21 11:12:36,0,17,17,0,0,0
安徽,亳州,2020-06-21 11:12:36,0,108,108,0,0,0
安徽,六安,2020-06-21 11:12:36,0,69,69,0,0,0
安徽,宿州,2020-06-21 11:12:36,0,41,41,0,0,0
安徽,阜阳,2020-06-21 11:12:36,0,155,155,0,0,0
安徽,滁州,2020-06-21 11:12:36,0,13,13,0,0,0
安徽,安庆,2020-06-21 11:12:36,0,83,83,0,0,0
安徽,铜陵,2020-06-21 11:12:36,0,29,29,0,0,0
安徽,淮北,2020-06-21 11:12:36,0,27,27,0,0,0
安徽,马鞍山,2020-06-21 11:12:36,0,38,38,0,0,0
安徽,淮南,2020-06-21 11:12:36,0,27,27,0,0,0
安徽,蚌埠,2020-06-21 11:12:36,0,160,155,5,0,0
安徽,芜湖,2020-06-21 11:12:36,0,34,34,0,0,0
安徽,合肥,2020-06-21 11:12:36,0,174,173,1,0,0
江苏,境外输入,2020-06-21 11:12:36,0,22,22,0,0,0
江苏,宿迁,2020-06-21 11:12:36,0,13,13,0,0,0
江苏,南通,2020-06-21 11:12:36,0,40,40,0,0,0
江苏,苏州,2020-06-21 11:12:36,0,87,87,0,0,0
江苏,南京,2020-06-21 11:12:36,0,93,93,0,0,0
江苏,无锡,2020-06-21 11:12:36,0,55,55,0,0,0
江苏,徐州,2020-06-21 11:12:36,0,79,79,0,0,0
江苏,连云港,2020-06-21 11:12:36,0,48,48,0,0,0
江苏,淮安,2020-06-21 11:12:36,0,66,66,0,0,0
江苏,镇江,2020-06-21 11:12:36,0,12,12,0,0,0
江苏,常州,2020-06-21 11:12:36,0,51,51,0,0,0
江苏,扬州,2020-06-21 11:12:36,0,23,23,0,0,0
江苏,盐城,2020-06-21 11:12:36,0,27,27,0,0,0
江苏,泰州,2020-06-21 11:12:36,0,37,37,0,0,0
河南,漯河,2020-06-21 11:12:36,0,36,36,0,0,0
河南,境外输入,2020-06-21 11:12:36,0,3,3,0,0,0
河南,地区待确认,2020-06-21 11:12:36,0,0,0,0,0,0
河南,周口,2020-06-21 11:12:36,0,76,75,1,0,0
河南,南阳,2020-06-21 11:12:36,0,156,153,3,0,0
河南,信阳,2020-06-21 11:12:36,0,274,272,2,0,0
河南,郑州,2020-06-21 11:12:36,0,157,152,5,0,0
河南,济源示范区,2020-06-21 11:12:36,0,5,5,0,0,0
河南,安阳,2020-06-21 11:12:36,0,53,53,0,0,0
河南,新乡,2020-06-21 11:12:36,0,57,54,3,0,0
河南,许昌,2020-06-21 11:12:36,0,39,38,1,0,0
河南,商丘,2020-06-21 11:12:36,0,91,88,3,0,0
河南,驻马店,2020-06-21 11:12:36,0,139,139,0,0,0
河南,焦作,2020-06-21 11:12:36,0,32,31,1,0,0
河南,开封,2020-06-21 11:12:36,0,26,26,0,0,0
河南,平顶山,2020-06-21 11:12:36,0,58,57,1,0,0
河南,濮阳,2020-06-21 11:12:36,0,17,17,0,0,0
河南,洛阳,2020-06-21 11:12:36,0,31,30,1,0,0
河南,鹤壁,2020-06-21 11:12:36,0,19,19,0,0,0
河南,三门峡,2020-06-21 11:12:36,0,7,6,1,0,0
广西,境外输入,2020-06-21 11:12:36,0,2,2,0,0,0
广西,北海,2020-06-21 11:12:36,0,44,43,1,0,0
广西,防城港,2020-06-21 11:12:36,0,19,19,0,0,0
广西,来宾,2020-06-21 11:12:36,0,11,11,0,0,0
广西,柳州,2020-06-21 11:12:36,0,24,24,0,0,0
广西,南宁,2020-06-21 11:12:36,0,55,55,0,0,0
广西,河池,2020-06-21 11:12:36,0,28,27,1,0,0
广西,桂林,2020-06-21 11:12:36,0,32,32,0,0,0
广西,玉林,2020-06-21 11:12:36,0,11,11,0,0,0
广西,钦州,2020-06-21 11:12:36,0,8,8,0,0,0
广西,贵港,2020-06-21 11:12:36,0,8,8,0,0,0
广西,贺州,2020-06-21 11:12:36,0,4,4,0,0,0
广西,百色,2020-06-21 11:12:36,0,3,3,0,0,0
广西,梧州,2020-06-21 11:12:36,0,5,5,0,0,0
澳门,地区待确认,2020-06-21 11:12:36,0,45,45,0,0,0
云南,境外输入,2020-06-21 11:12:36,0,11,11,0,0,0
云南,曲靖,2020-06-21 11:12:36,0,13,13,0,0,0
云南,德宏州,2020-06-21 11:12:36,0,5,5,0,0,0
云南,昆明,2020-06-21 11:12:36,0,53,53,0,0,0
云南,保山市,2020-06-21 11:12:36,0,9,9,0,0,0
云南,玉溪,2020-06-21 11:12:36,0,14,13,1,0,0
云南,红河,2020-06-21 11:12:36,0,9,9,0,0,0
云南,昭通市,2020-06-21 11:12:36,0,25,25,0,0,0
云南,大理,2020-06-21 11:12:36,0,13,13,0,0,0
云南,西双版纳州,2020-06-21 11:12:36,0,15,14,1,0,0
云南,文山州,2020-06-21 11:12:36,0,2,2,0,0,0
云南,普洱,2020-06-21 11:12:36,0,4,4,0,0,0
云南,楚雄州,2020-06-21 11:12:36,0,4,4,0,0,0
云南,丽江市,2020-06-21 11:12:36,0,7,7,0,0,0
云南,临沧,2020-06-21 11:12:36,0,1,1,0,0,0
西藏,拉萨,2020-06-21 11:12:36,0,1,1,0,0,0
江西,新余,2020-06-21 11:12:36,0,129,129,0,0,0
江西,赣州,2020-06-21 11:12:36,0,74,73,1,0,0
江西,九江,2020-06-21 11:12:36,0,116,116,0,0,0
江西,境外输入,2020-06-21 11:12:36,0,2,2,0,0,0
江西,南昌,2020-06-21 11:12:36,0,230,230,0,0,0
江西,上饶,2020-06-21 11:12:36,0,123,123,0,0,0
江西,抚州,2020-06-21 11:12:36,0,72,72,0,0,0
江西,吉安,2020-06-21 11:12:36,0,22,22,0,0,0
江西,萍乡,2020-06-21 11:12:36,0,33,33,0,0,0
江西,宜春,2020-06-21 11:12:36,0,106,106,0,0,0
江西,鹰潭,2020-06-21 11:12:36,0,18,18,0,0,0
江西,景德镇,2020-06-21 11:12:36,0,6,6,0,0,0
江西,赣江新区,2020-06-21 11:12:36,0,1,1,0,0,0
吉林,吉林,2020-06-21 11:12:36,0,48,47,1,0,0
吉林,境外输入,2020-06-21 11:12:36,0,19,19,0,0,0
吉林,通化,2020-06-21 11:12:36,0,6,6,0,0,0
吉林,长春,2020-06-21 11:12:36,0,45,45,0,0,0
吉林,白城,2020-06-21 11:12:36,0,1,1,0,0,0
吉林,四平,2020-06-21 11:12:36,0,15,14,1,0,0
吉林,公主岭,2020-06-21 11:12:36,0,6,6,0,0,0
吉林,辽源,2020-06-21 11:12:36,0,7,7,0,0,0
吉林,延边,2020-06-21 11:12:36,0,5,5,0,0,0
吉林,松原,2020-06-21 11:12:36,0,2,2,0,0,0
吉林,梅河口市,2020-06-21 11:12:36,0,1,1,0,0,0
贵州,境外输入,2020-06-21 11:12:36,0,1,1,0,0,0
贵州,贵阳,2020-06-21 11:12:36,0,36,35,1,0,0
贵州,遵义,2020-06-21 11:12:36,0,32,32,0,0,0
贵州,六盘水,2020-06-21 11:12:36,0,10,9,1,0,0
贵州,毕节,2020-06-21 11:12:36,0,23,23,0,0,0
贵州,黔南州,2020-06-21 11:12:36,0,17,17,0,0,0
贵州,安顺,2020-06-21 11:12:36,0,4,4,0,0,0
贵州,黔东南州,2020-06-21 11:12:36,0,10,10,0,0,0
贵州,铜仁,2020-06-21 11:12:36,0,10,10,0,0,0
贵州,黔西南州,2020-06-21 11:12:36,0,4,4,0,0,0
湖南,境外输入,2020-06-21 11:12:36,0,1,1,0,0,0
湖南,湘西自治州,2020-06-21 11:12:36,0,8,8,0,0,0
湖南,娄底,2020-06-21 11:12:36,0,76,76,0,0,0
湖南,怀化,2020-06-21 11:12:36,0,40,40,0,0,0
湖南,永州,2020-06-21 11:12:36,0,44,44,0,0,0
湖南,郴州,2020-06-21 11:12:36,0,39,39,0,0,0
湖南,益阳,2020-06-21 11:12:36,0,60,60,0,0,0
湖南,张家界,2020-06-21 11:12:36,0,5,5,0,0,0
湖南,常德,2020-06-21 11:12:36,0,82,82,0,0,0
湖南,岳阳,2020-06-21 11:12:36,0,156,155,1,0,0
湖南,邵阳,2020-06-21 11:12:36,0,102,101,1,0,0
湖南,湘潭,2020-06-21 11:12:36,0,36,36,0,0,0
湖南,株洲,2020-06-21 11:12:36,0,80,80,0,0,0
湖南,衡阳,2020-06-21 11:12:36,0,48,48,0,0,0
湖南,长沙,2020-06-21 11:12:36,0,242,240,2,0,0
